cust_id,cust_name,cust_address
49738-656,Humfrid,Apt 805
0071-0803,Lucina,Room 927
63418-0001,Hunter,PO Box 16925
41250-631,Orren,16th Floor
45802-188,Flory,Suite 73
42549-514,Amby,PO Box 23263
50730-8672,Shayne,Room 1649
0113-0798,Osborn,16th Floor
60429-241,Jedd,Suite 79
21695-900,Shelly,Apt 1774
65862-291,Timmie,Apt 1232
57520-0474,Katharine,Room 1585
58118-8947,Mandel,18th Floor
16714-305,Dwight,Room 735
63029-424,Tamma,Apt 683
57520-0313,Lark,PO Box 44163
56062-437,Burlie,Apt 1613
43063-392,Malia,13th Floor
65862-502,Nanci,Suite 8
65162-302,Maura,Apt 728
49349-910,Ottilie,PO Box 69661
35356-871,Jeffry,PO Box 11062
0268-6547,Fairleigh,PO Box 81036
13537-560,Verna,Apt 246
25021-670,Nev,13th Floor
67046-331,Rustin,Suite 24
36987-1774,Lalo,PO Box 70673
54679-6657,Dixie,PO Box 86048
0054-0110,Alie,Suite 41
50405-007,Elijah,12th Floor
52125-566,Gwyn,Room 1359
50436-8787,Tracy,Suite 25
55154-3678,Elonore,Suite 31
52124-0003,Ashil,9th Floor
50845-0119,Kris,PO Box 38776
0430-0171,Electra,Room 1918
55154-1390,Federica,Suite 66
65121-113,Cora,PO Box 15392
13537-300,Zacharia,7th Floor
55319-897,Kynthia,PO Box 27364
10157-9835,Christos,14th Floor
17630-2033,Johnathan,Suite 57
50845-0109,Zabrina,Apt 1028
55289-085,Gregorius,Apt 526
16590-319,Bennett,Suite 82
54569-0024,Edwin,1st Floor
55154-0539,Bab,Apt 1126
76081-020,Mufi,Suite 2
0597-0191,Agosto,7th Floor
49738-594,Chery,Suite 20
36800-538,Melvyn,16th Floor
43063-018,Barclay,PO Box 54480
36987-2026,Silvia,PO Box 15948
10812-171,Derward,13th Floor
49738-328,Alikee,Apt 1668
51824-001,Tansy,11th Floor
55289-957,Symon,Suite 9
17478-510,Mimi,PO Box 75314
22700-138,Nigel,Apt 1183
59262-347,Constantia,Room 1220
42507-431,Payton,Apt 705
59779-731,Abel,Suite 65
64764-570,Chalmers,PO Box 53082
14537-966,Waneta,18th Floor
63323-516,Silva,Apt 1604
50436-4653,Ema,Room 1050
76170-103,Sergeant,8th Floor
29336-610,Korie,18th Floor
0069-1441,Obadias,18th Floor
54868-0050,Joan,Room 1504
57337-001,Berty,Room 1379
0363-0799,Benyamin,PO Box 83095
76310-024,Shannon,Suite 42
21695-044,Estella,13th Floor
43269-690,Alma,Apt 579
49288-0900,Evelyn,Apt 1938
52125-846,Cybil,Apt 89
54868-6227,Bartram,Apt 262
63739-080,Verene,Room 567
14783-150,Samuele,Room 555
13734-013,Frazier,Suite 98
55154-3395,Vassily,Suite 67
59667-0075,Myrtie,Apt 1086
68462-141,Odetta,20th Floor
54868-5993,Natassia,Room 1023
55714-4598,Mackenzie,12th Floor
36987-1629,Estele,Room 379
10742-6754,Linc,Apt 1667
12634-118,Paolo,Room 599
58311-4444,Harriette,Suite 5
68084-647,Ileana,Suite 84
49288-0750,Christabella,Suite 63
43857-0057,Kordula,Suite 27
36987-1374,Wye,PO Box 51083
59078-033,Vivian,18th Floor
53964-002,Kirstyn,Apt 1885
59779-906,Lane,Room 599
0378-0001,Dru,PO Box 62665
51096-0005,Carlyle,PO Box 49604
36987-2145,Erasmus,PO Box 80204
68210-1530,Sonja,Suite 5
0615-3512,Judon,Room 1229
60512-6449,Felice,PO Box 1420
42361-014,Adamo,PO Box 30989
68788-9864,Belva,2nd Floor
68599-6110,Nola,Suite 61
76237-173,Burke,Suite 81
58118-4129,Winne,Apt 1888
36800-262,Worth,Apt 326
67938-0944,Amber,Suite 29
37808-239,Joannes,PO Box 10145
52125-813,Dorolisa,Room 1151
0178-0859,Matty,6th Floor
75921-648,Loralee,Room 1759
36987-1133,Abbot,Room 1443
0430-6202,Claiborn,Suite 41
0019-0862,Katinka,Room 1649
59078-019,Genna,2nd Floor
50458-140,Saree,11th Floor
0603-0863,Pattie,13th Floor
58668-2191,Putnem,Apt 1261
57955-1520,Wrennie,Suite 14
0006-3552,Ricoriki,PO Box 43223
59779-252,Briney,14th Floor
62175-580,Antonia,Apt 1765
68400-323,Grace,10th Floor
42254-284,Sigrid,Apt 1399
0019-3183,Romona,Apt 1883
55910-117,Allyson,PO Box 81947
0268-6234,Tandi,Apt 1466
67046-167,Herbie,PO Box 20694
45802-626,Townsend,PO Box 34369
46987-330,Sheryl,Apt 1466
52584-130,Leanora,Apt 205
53808-0346,Herve,17th Floor
54973-3075,Camila,Suite 39
16571-657,Wileen,PO Box 70772
63517-112,Konstance,PO Box 50461
68084-726,Loutitia,PO Box 50424
42254-014,Hunt,PO Box 42621
68788-9946,Marga,Suite 3
44924-119,Tristan,Suite 77
54868-6139,Bari,Apt 146
36987-1887,Bartie,Room 1928
59779-736,Ofella,Suite 60
57520-0530,Eddi,PO Box 127
0591-0349,Marabel,PO Box 68382
11584-1032,Markus,Suite 74
10812-362,Lucky,16th Floor
36800-059,Ulrica,Room 598
11822-0668,Vanna,Suite 10
42808-410,Hillary,PO Box 19030
54868-4567,Emera,Suite 33
60505-2512,Jacky,Suite 7
63323-221,Othelia,Apt 1052
60505-3668,Xerxes,Suite 49
0574-0222,Hirsch,Suite 9
49893-500,Mariel,Room 683
46987-327,Mallissa,PO Box 97830
54973-2926,Carlotta,Apt 1834
24236-995,Westley,Apt 1065
52410-9005,Gregor,PO Box 66253
36800-165,Osbourn,Room 120
0023-0506,Mandie,Suite 75
55045-3259,Aleece,Apt 779
0013-2150,Terence,4th Floor
29336-400,Wendye,3rd Floor
49411-052,Erda,Apt 969
58895-3001,Consolata,Apt 1524
0378-8115,Amber,Apt 1767
65044-0779,Louie,Room 752
0409-1135,Candra,1st Floor
63739-200,Farrel,15th Floor
36987-1106,Lani,Apt 1813
60429-102,Fernandina,Room 295
49817-0076,Sammy,14th Floor
60793-850,Faith,PO Box 86560
0378-5501,Cletus,Room 1879
54868-5194,Alvira,Apt 1482
63730-222,Lucias,Suite 65
54973-0616,Murry,PO Box 65901
63354-980,Herculie,Room 1885
63824-390,Aristotle,Room 336
24330-210,Anders,Room 1072
58232-0317,Cristabel,12th Floor
55910-395,Ralina,16th Floor
0093-5275,Nollie,10th Floor
57881-333,Herbie,PO Box 81336
55550-102,Rennie,Suite 78
0093-6138,Drucill,Apt 28
59535-3311,Fernando,Suite 31
59779-887,Larisa,Suite 19
36987-1339,Alejoa,Apt 968
62032-415,Ferdie,18th Floor
36987-1992,Devi,Apt 1014
63941-315,Lilias,5th Floor
55154-0625,Dare,Apt 354
49035-183,Archie,Room 1092
51991-818,Roseline,Room 160
0185-0101,Ric,Room 1610
30142-960,Dory,Suite 6
37205-064,Virginia,Suite 87
48951-9016,Celene,Apt 128
43526-108,Mathew,Room 1652
0781-6153,Bealle,PO Box 37086
64464-001,Reilly,Apt 678
58232-0225,Arri,Room 1934
57520-0586,Ario,Room 1755
43742-0216,Ann,Apt 550
55154-5719,Bill,Suite 71
60760-072,Vasili,7th Floor
0430-0979,Whitman,19th Floor
0143-9966,Colin,Apt 504
0472-0730,Remington,Room 1874
13537-216,Vince,16th Floor
44567-222,Kenton,Suite 50
49035-199,Prinz,Suite 57
43553-4134,Edmon,Room 1901
0280-1125,Diann,Room 443
37012-656,Jeffy,Apt 1987
63941-092,Jenifer,Apt 1690
0409-3378,Monroe,Suite 98
52125-671,Clare,PO Box 88983
49035-498,Guntar,Apt 378
0615-7753,Biddie,Apt 240
54868-6321,Georgie,16th Floor
66130-001,Franny,Apt 752
46122-168,Deni,Apt 928
67046-093,Reece,Suite 63
0270-0091,Matti,PO Box 58813
68382-164,Roth,Apt 975
24385-148,Abe,5th Floor
52125-738,Rolfe,18th Floor
41190-425,Hodge,8th Floor
43269-807,Dollie,Room 1646
51655-900,Aleta,Suite 16
0409-7903,Edmund,18th Floor
52584-770,Anjela,Suite 23
48951-2092,Fletch,Suite 62
17478-605,Cliff,Suite 54
57955-5134,Melany,1st Floor
41163-751,Casie,Suite 55
0054-3722,Kareem,Apt 548
65121-102,Zak,PO Box 38138
0703-9032,Deloria,Apt 817
16103-347,Cordell,Suite 100
37808-546,Sherm,Suite 4
55264-001,Sybyl,19th Floor
68016-283,Sylvia,PO Box 71818
59630-629,Arlen,Apt 1300
37808-668,Jourdan,Apt 744
11523-7329,Katti,PO Box 63965
40057-3000,Constantia,Apt 962
24306-123,Hedvig,16th Floor
49371-022,Kalina,Room 1539
46708-026,Aldo,Apt 1687
0268-0186,Star,Room 749
68382-020,Audre,PO Box 88559
50844-413,Gae,12th Floor
63739-432,Britteny,PO Box 86358
44183-208,Jennine,Apt 1202
50051-0006,Jeramie,Apt 1735
51811-066,Sara,Suite 21
42961-012,Kettie,Room 413
55301-369,Cobb,Suite 44
36987-3258,Caryl,PO Box 47632
10210-0001,Tyne,Suite 97
62584-741,Lilian,PO Box 69119
10544-847,Stern,Room 631
13925-508,Karole,3rd Floor
0002-5802,Gennie,Suite 70
54868-6037,Jaymie,Apt 46
64893-902,Keenan,Room 910
27241-006,Maisey,PO Box 55646
49738-647,Niccolo,Apt 770
36987-1017,Gary,PO Box 39838
60429-103,Chaim,Suite 50
68747-6029,Dale,Suite 70
0078-0184,Lissa,5th Floor
75854-303,Stearne,11th Floor
43742-0219,Priscella,6th Floor
54868-6407,Tarrance,Apt 385
67692-000,Moritz,13th Floor
10345-025,Lauritz,PO Box 80215
60793-431,Giorgi,Apt 447
55154-9563,Allsun,Apt 111
49884-085,Nanine,Room 1375
43353-856,Brunhilda,PO Box 65296
64950-354,Jori,1st Floor
41250-090,Eleonore,PO Box 94162
33261-517,Jakie,Suite 2
68084-814,Janek,Room 908
35356-403,Micky,Room 1394
55154-3197,Ric,Room 1957
48951-3031,Auria,8th Floor
65841-059,Reider,Apt 1988
24842-132,Dave,Suite 89
53425-002,Cosme,Suite 100
53499-2390,Willdon,Room 1152
58668-4071,Leroy,Apt 154
60258-189,Griffie,Room 1234
60505-2761,Koralle,Apt 648
60709-105,Elianore,Suite 81
49349-679,Salvatore,PO Box 41085
50988-292,Thorsten,18th Floor
24385-982,Abbott,Suite 67
11822-0493,Glendon,Suite 36
0395-1685,Colleen,Apt 328
36987-1738,Jameson,Apt 1085
65121-623,Sarina,Apt 723
43063-205,Lucilia,Room 1829
53135-967,Farrand,Apt 1103
52959-761,Padraic,Room 544
64616-099,Ritchie,PO Box 33973
49967-045,Aguie,PO Box 38953
61919-165,Simonne,Suite 22
68828-160,Cullin,Room 773
17714-135,Consuelo,PO Box 97441
49348-544,Adrien,PO Box 41587
41900-500,Richard,PO Box 74460
68210-1520,Cathleen,PO Box 84642
0143-1767,Myriam,3rd Floor
43353-818,Bendicty,2nd Floor
53808-0340,Cass,Apt 1435
42507-203,Franz,Room 948
51655-400,Donalt,Suite 90
44597-5605,Ward,19th Floor
0409-1412,Blakelee,1st Floor
68327-029,Barr,PO Box 35393
47593-190,Fanchette,Suite 91
0409-0808,Bev,Apt 582
61589-6004,Steven,PO Box 61644
62742-4067,Sonnnie,19th Floor
59543-1001,Morgen,Apt 821
0268-1275,Terrijo,Apt 434
10210-0009,Arlyne,Apt 1023
21749-147,Marigold,Room 1662
34666-091,Cami,PO Box 28382
55154-5976,Amandi,Suite 62
35356-974,Carissa,8th Floor
0527-1535,Lindy,Room 817
55045-3198,Basilius,10th Floor
49696-622,Lefty,Apt 1963
0074-6624,Elonore,PO Box 69024
59779-277,Galven,20th Floor
67226-1040,Arlyne,Apt 1252
65197-001,Lorelle,PO Box 81617
52533-113,Ethe,Room 1465
49288-0855,Mattie,PO Box 17916
16714-360,Simone,PO Box 47490
21695-584,Lothario,PO Box 69566
58789-002,Issi,PO Box 93395
43742-0086,Kai,Apt 571
65862-597,Bald,Suite 84
36987-1512,Normy,Apt 596
64778-0373,Debora,PO Box 54249
22700-135,Ariel,PO Box 78777
54868-4543,Curry,Room 889
0069-0141,Derry,Suite 91
0264-7655,Jamill,Apt 1438
54868-0218,Hoyt,5th Floor
61919-281,Lauren,Suite 36
0615-7646,Brod,Apt 673
0179-0160,Timmy,Suite 51
58118-2531,Lennard,Apt 919
55154-2058,Fitzgerald,3rd Floor
54569-2507,Sayers,6th Floor
51079-860,Eva,Room 1318
55154-5041,Rowan,PO Box 96747
33261-149,Raquela,PO Box 73857
0904-5901,Charley,Room 1688
36987-1766,Dallas,Room 741
53345-019,Myra,PO Box 18432
54868-5886,Dwight,Suite 98
61543-7782,Corrine,PO Box 19927
45567-0475,Ynez,PO Box 63260
54569-3372,Jilly,Suite 30
59970-171,Joy,2nd Floor
53217-006,Raimondo,PO Box 51522
54575-367,Jeremy,8th Floor
12634-465,Holli,Apt 1837
36987-2115,Tadeas,Suite 23
63029-402,Amalle,Room 1514
42549-569,Florella,14th Floor
57356-207,Bax,Apt 384
68400-136,Stormi,17th Floor
61919-149,Lorie,Suite 70
67046-212,Janela,Suite 16
37205-318,Dino,Suite 5
49981-005,Hollyanne,Suite 22
0603-0520,Rockey,Apt 1117
0113-0922,Norman,Apt 1065
68472-088,Erma,Apt 1247
0168-0326,Randi,Apt 245
55315-530,Carly,Room 1573
41520-377,Hayes,Suite 45
65691-0108,Gilberto,Room 1319
49348-727,Bobbee,Apt 1312
50383-232,Yulma,8th Floor
61995-1107,Caresse,Room 476
41595-5526,Robbie,PO Box 53887
10702-005,Kizzie,Apt 569
45802-245,Ariadne,2nd Floor
63550-191,Karita,10th Floor
13537-502,Lindsey,PO Box 54402
54868-2702,Demetri,Room 607
58414-8728,Hyacinthe,PO Box 65082
68151-5004,Fred,PO Box 16543
54569-1155,Micky,18th Floor
37808-335,Lissa,9th Floor
21695-250,Gayleen,Apt 910
44076-010,Sher,Suite 100
67938-1149,Marya,Suite 24
55111-624,Eadith,Room 1334
76174-120,Madeleine,2nd Floor
63629-1613,Korney,Suite 19
57520-0056,Nanine,Suite 83
68151-1019,Kevin,Room 398
55045-1350,Wood,Suite 47
67544-002,Duke,Room 1299
0378-9112,Jemimah,Room 715
52125-243,Barbette,PO Box 74032
49967-021,Monty,PO Box 80977
0904-5790,Kayne,5th Floor
54575-424,Salvador,5th Floor
16590-283,Devin,PO Box 15322
75847-1501,Rosana,Room 692
68084-633,Roderick,Room 592
13537-547,Kort,PO Box 81005
0179-0033,Ashien,PO Box 45298
40046-0048,Jodie,6th Floor
21695-821,Malina,PO Box 63399
0555-0323,Weston,Suite 8
37000-557,Abigael,Apt 1231
57483-003,Cleo,PO Box 61981
63868-925,Brana,Apt 965
65923-150,Ilario,Room 1223
51060-047,Davey,Suite 12
31382-898,Nelle,Apt 1250
54868-0696,Matelda,PO Box 66185
48951-7092,Bernie,Room 1559
67510-0663,Leelah,PO Box 29966
65862-015,Midge,PO Box 70244
68788-9873,Isadora,Room 789
0615-4515,Killian,Apt 1879
41250-612,Mil,PO Box 43174
61734-102,Edouard,1st Floor
41520-061,Eliza,PO Box 66742
63777-263,Kerwinn,Suite 60
56062-318,Bidget,19th Floor
60683-083,Ron,Suite 60
43742-0088,Vinni,Apt 461
0781-3059,Perceval,Apt 673
0338-3503,Jojo,PO Box 87093
51263-3184,Nikolia,2nd Floor
52959-516,Carmencita,19th Floor
21695-044,Millie,Room 1236
51143-072,Goddart,Suite 4
50436-5130,Brita,Apt 1244
0135-0518,Mathe,Apt 477
76237-286,Ruttger,Room 55
0026-3783,Gerard,PO Box 17858
59779-397,Roxanne,PO Box 43042
36987-2014,Felicio,Apt 1756
59860-545,Randal,Apt 1004
58668-4021,Roz,4th Floor
14783-770,Gaelan,Apt 447
0869-0370,Phillip,Suite 3
59779-955,Bernadina,17th Floor
0409-5622,Melisenda,Apt 42
54868-5843,Latrina,Room 160
60505-1310,Stefania,Apt 41
58668-2021,Stoddard,Suite 74
51263-3184,Atalanta,Apt 1885
24338-854,Arda,PO Box 32492
53738-0712,Tyne,PO Box 26110
68645-350,Bucky,Suite 24
13537-056,Paulo,Room 1340
55154-4566,Olag,Room 864
55154-4956,Emmalynn,4th Floor
0904-6371,Udall,Room 217
0185-0122,Linnell,Apt 1069
51224-301,Kelley,Apt 459
59779-651,Geno,Apt 287
76049-002,Lemuel,Suite 53
51060-010,Laughton,PO Box 96213
58411-184,Carlee,12th Floor
36987-1779,Kermit,9th Floor
43269-906,Dayle,Suite 25
60681-1703,Karlie,Room 1533
49738-374,Leroi,Apt 1728
68788-9069,Arnie,PO Box 63840
59579-002,Rockey,Suite 96
63629-3393,Miltie,PO Box 19669
45963-305,Keenan,Apt 317
62242-020,Pen,Room 1502
24385-175,Eartha,Room 1982
68516-4603,Nicky,Apt 759
19392-400,Ddene,Room 215
52083-289,Willdon,16th Floor
64117-973,Marijn,Apt 761
35000-879,Gwendolyn,Apt 923
14537-967,Idalina,18th Floor
0781-5020,Rasla,Suite 4
55111-549,Rayner,17th Floor
0069-0808,Arlin,Suite 97
68727-600,Paulo,Suite 53
49349-917,Erinna,PO Box 80930
55714-4461,Bail,17th Floor
0065-2800,Anatollo,14th Floor
10345-034,Faustina,Apt 101
0132-0106,Lorrie,Room 679
0228-2551,Florence,15th Floor
67544-581,Aloysius,Apt 1020
53208-528,Lotti,Room 1906
56149-001,Grantley,Room 495
17139-613,Trevor,Room 860
55154-4035,Pavia,PO Box 20765
35356-758,Theodosia,Apt 547
48951-1234,Valaree,Apt 1939
42937-706,Wandie,18th Floor
53808-0966,Arlan,Apt 119
36987-2468,Drud,20th Floor
55910-419,Kenton,PO Box 58138
43742-0366,Udell,Suite 47
36987-2766,Henka,Suite 1
0187-2203,Evyn,11th Floor
27281-001,Immanuel,Suite 61
59779-001,Yankee,Apt 1785
52125-627,Lira,Apt 1712
0135-0095,Anastasie,PO Box 62644
57896-756,Lydia,Suite 31
0591-3171,Stearne,Apt 854
62011-0022,Clarette,Room 380
49614-116,Melita,Room 1896
64679-414,Toby,Apt 33
43742-0223,Becky,Apt 1052
55289-653,Tomaso,PO Box 23546
17089-382,Miquela,9th Floor
68788-9815,Casar,Suite 24
37000-283,Amber,Apt 907
57237-074,Britta,Room 647
30142-837,Deny,Suite 25
24658-243,Kippar,PO Box 94609
63459-504,Belia,Apt 668
17856-0759,Bella,Apt 979
76237-314,Teena,13th Floor
44237-300,Lyssa,17th Floor
64942-1208,Tybi,Suite 96
42192-707,Wilden,Room 72
69151-100,Taddeusz,2nd Floor
46994-908,Cordy,Room 1226
48951-4075,Boycie,Apt 412
49035-647,Prent,Suite 12
0143-1348,Carine,Room 508
24488-001,Nadean,PO Box 65374
45802-434,Orelia,Suite 67
62864-903,Phylis,Suite 17
62670-4830,Curr,Apt 1819
57884-2021,Chrissie,PO Box 96092
50242-041,Coop,Room 386
68391-344,Hyatt,PO Box 36555
0093-5245,Rustin,PO Box 62481
0093-5414,Marje,10th Floor
0143-1458,Langsdon,Apt 1624
65841-649,Flori,Apt 1608
68788-9074,Lotti,19th Floor
56062-590,Flory,Suite 3
13893-691,Biron,Apt 1635
41163-320,Chicky,Room 117
68788-9053,Jerrome,17th Floor
15054-0211,Tony,PO Box 27081
24571-108,Gaylene,Suite 35
55289-618,Merwyn,Suite 64
49781-080,Libbi,Apt 1811
51079-778,Bondy,PO Box 47305
36987-2808,Hazel,PO Box 916
50580-679,Lindsay,Suite 57
55292-102,Maurizia,Room 1450
10223-0202,Bartholomeus,Apt 460
0615-5592,Cynde,Suite 35
43846-0029,Sibella,Room 1114
37012-374,Eleanore,PO Box 74155
64942-1127,Der,PO Box 6245
55749-100,Harlan,Apt 1176
37000-006,Bethany,14th Floor
30142-580,Tyler,PO Box 17777
0536-5895,Jerrold,PO Box 60133
52125-570,Delora,Room 211
50844-607,Daune,PO Box 51191
55714-2321,Howie,Apt 853
49702-228,Mord,Apt 442
47202-1403,Janifer,PO Box 46470
35356-439,Marguerite,Room 1013
41250-300,Odelle,12th Floor
35356-174,Ludwig,3rd Floor
59883-826,Merrielle,Room 1939
36987-1774,Lind,Room 830
10631-278,Chevalier,Apt 546
0168-0410,Danya,Apt 1419
76237-175,Kele,PO Box 92728
67938-1165,Courtenay,Suite 53
49884-837,Thorn,Apt 1941
43269-736,Patrice,PO Box 69967
49963-118,Danny,PO Box 45880
46362-004,Ilse,4th Floor
65862-034,Talia,PO Box 66842
68788-9729,Goldia,3rd Floor
52125-375,Rhoda,Room 1082
54868-5620,Cherilyn,Room 691
54868-2331,Weidar,PO Box 81529
43353-848,Marigold,PO Box 64933
0143-9710,Ashlie,Room 841
51672-4038,Fidelia,PO Box 32911
0179-1838,Nicol,13th Floor
62569-000,Alberta,13th Floor
49349-087,Felecia,Room 673
56104-001,Rollie,Room 518
64760-301,Tann,Apt 675
49643-399,Devina,Apt 289
68828-143,Gifford,Suite 64
11410-413,Jehanna,Apt 866
68428-741,Gabby,Apt 309
52915-050,Jasmine,PO Box 24508
50436-6590,Corinna,Room 1704
13533-661,Jesus,Apt 984
36987-1689,Filippa,Room 491
67046-962,Barby,Room 617
0869-0871,Godard,Apt 240
10742-1567,Buiron,PO Box 55585
53389-221,Merrili,PO Box 90474
48951-1103,Allie,Apt 868
76237-233,Elliot,19th Floor
0178-0893,Parrnell,Suite 90
44924-015,Jourdain,PO Box 56606
79596-096,Arvy,Room 192
57955-5979,Franky,Room 1163
0378-6320,Lilia,Apt 973
59062-1304,Gilligan,Room 80
53145-052,Derril,1st Floor
64117-978,Mellie,PO Box 575
57955-5979,Tally,18th Floor
65841-029,Gal,PO Box 77296
65044-1861,Georgianne,17th Floor
0781-5791,Alfonse,PO Box 57839
63550-120,Andreana,PO Box 33940
55289-707,Mirilla,Suite 18
68462-505,Arleen,17th Floor
68850-001,Datha,Apt 137
59762-0046,Chrissie,PO Box 24278
64893-331,Mona,PO Box 18562
33261-983,Clemmy,Room 1779
10812-384,Jourdan,PO Box 33756
21695-441,Sibyl,Room 23
64980-130,Loralyn,Room 352
60319-1001,Hakim,PO Box 5036
55289-964,Kristyn,Apt 284
12496-0757,Gar,Room 934
0093-7168,Leonore,PO Box 81621
66593-3126,Terry,PO Box 53568
50458-325,Aubert,Apt 1265
61589-1812,Margit,13th Floor
76358-192,Andrey,PO Box 27401
53329-921,Jabez,18th Floor
63629-4534,Ulberto,Suite 67
0363-0689,Tracy,PO Box 23635
55154-5765,Leonard,Suite 41
0228-4019,Wallie,Apt 1599
58232-0406,Blayne,6th Floor
49738-188,Hope,Suite 71
0363-0600,El,Room 1048
42254-143,Deerdre,Room 1056
10544-103,Essie,Room 1676
10889-112,Halli,18th Floor
13734-141,Duff,PO Box 16940
36987-1400,Beltran,Apt 35
55154-7468,Vassili,Suite 5
17089-290,Siward,PO Box 67429
55154-5469,Faustina,PO Box 70514
0642-0079,Patty,PO Box 71511
55154-5534,Camile,PO Box 47248
60207-001,Nellie,8th Floor
65044-3585,Mandi,PO Box 47096
0064-3900,Yoshi,Suite 45
13537-037,Saidee,9th Floor
60505-2609,Cecilia,Room 1553
0781-5250,Langsdon,Apt 1938
0024-5820,Gayle,Room 1550
65841-613,Helen,Apt 132
65044-3585,Arlan,Apt 133
55910-305,Adham,Suite 53
54868-5109,Lombard,Room 984
13107-168,Cinnamon,Suite 24
52685-380,Aldous,PO Box 34744
59779-908,Eward,PO Box 90863
11559-040,Stephannie,Room 1278
58605-153,Crista,Room 1510
37205-648,Elisabeth,Suite 82
68084-419,Humbert,PO Box 6132
64205-506,Trudy,PO Box 21402
63629-1623,Ertha,Apt 1977
59663-140,Darcy,6th Floor
50268-099,Hattie,PO Box 3795
16252-524,Ahmed,Room 699
44001-321,Doralia,3rd Floor
44119-006,Appolonia,Apt 975
13668-037,Larissa,PO Box 69628
0363-0080,Butch,Suite 43
52125-022,Erinn,Apt 1713
60681-5005,Roselle,PO Box 33785
47124-295,Paco,Apt 130
0169-7013,Adrien,Suite 55
60429-019,Kristoffer,PO Box 40078
0904-0012,Kennie,Apt 4
57520-0657,Morgen,Suite 59
24653-270,Waverley,Suite 13
0338-1147,Mozelle,8th Floor
76071-3001,Janel,PO Box 63959
54868-5140,Fleming,Suite 55
53009-1001,Berenice,Suite 33
58930-044,Yorgos,PO Box 37611
42254-227,Blake,Room 34
0472-0337,Lorri,PO Box 5692
54868-4199,Briney,9th Floor
33261-002,Tris,Suite 51
47335-300,Murdock,Apt 1682
59779-254,Rossy,Suite 86
59779-919,Rochelle,8th Floor
54868-5951,Lynnette,Suite 9
52125-624,Ruperta,Suite 78
0363-0689,Darlleen,Apt 1837
55154-1954,Ransell,4th Floor
54476-100,Isabelita,20th Floor
52054-803,Marthe,Apt 958
62670-3715,Karylin,Suite 9
63868-257,Gabrila,7th Floor
50845-0017,Allyson,Suite 15
68084-389,Kikelia,Suite 93
0904-6112,Ruby,Apt 1485
50112-514,Hendrick,8th Floor
41520-357,Enos,Apt 1094
66467-2120,Kai,Room 1711
49288-0683,Doll,PO Box 40657
41250-698,Babbie,Suite 28
16590-383,Calida,PO Box 90604
25021-120,Brittani,Apt 1681
55154-5562,Pearline,PO Box 83432
42507-430,Boris,PO Box 76905
68084-002,Omar,PO Box 27593
10370-220,Chrotoem,PO Box 98914
0228-3092,Maryellen,Apt 4
36987-3390,Carly,Suite 2
11673-142,Clemmie,2nd Floor
76206-002,Nannette,Room 297
59702-150,Anstice,PO Box 51439
30142-326,Cristabel,PO Box 87532
63868-158,Farr,Suite 49
55150-122,Chester,Suite 81
66336-558,Yvette,20th Floor
54868-5242,Bethany,Apt 921
0363-0425,Pauletta,Apt 1938
50114-0110,Asia,6th Floor
60505-1308,Fabiano,Suite 60
53808-0718,Brooke,Room 1681
0781-1453,Dyann,Suite 53
36987-3297,Kahaleel,Apt 35
33261-039,Conny,Apt 790
50419-254,Josy,PO Box 44518
57883-402,Gert,20th Floor
68645-417,Urbain,Apt 1151
67510-0069,Ron,12th Floor
0904-6326,Clementine,Room 915
49967-452,Vonny,PO Box 83959
58118-6241,Sheilah,Room 586
42808-399,Legra,Apt 755
55301-213,Cleon,PO Box 92899
66215-016,Reinaldo,Suite 73
0023-1145,Wolfgang,Suite 98
52124-0113,Vere,Apt 1087
66116-507,Trevar,15th Floor
0536-4391,Gardy,PO Box 99114
54868-5623,Elane,Apt 1248
48951-3163,Guillermo,15th Floor
54575-184,Stevy,PO Box 78767
53203-101,Tiffi,Apt 1933
52686-230,Carin,10th Floor
57955-5151,Natalina,PO Box 55800
37808-335,Henryetta,PO Box 91190
65055-101,Athena,Apt 1483
54181-004,Sigfrid,Apt 1296
13537-545,Starla,PO Box 53906
61957-2100,Remington,10th Floor
0054-0199,Bastian,Room 177
52747-903,Sterne,Suite 38
21695-207,Nils,4th Floor
67345-0789,Eal,Apt 111
53808-0200,Renado,Room 1375
35356-739,Christen,4th Floor
64009-305,Ianthe,Apt 978
21695-588,Mendie,PO Box 58195
65044-9961,Emanuele,Apt 741
42254-266,Myrwyn,Suite 56
63629-4664,Kiele,Room 1112
13811-639,Janella,Room 327
60681-2703,Ewell,2nd Floor
53238-002,Tremain,19th Floor
63868-998,Jonathon,PO Box 28652
37012-527,Buck,Suite 48
0126-0139,Correy,Room 1725
68016-289,Marlo,Apt 655
62011-0230,Tilda,Room 929
63922-222,Geralda,Room 922
58406-455,Reamonn,Suite 35
24286-1531,Stephana,PO Box 12525
13734-023,Ode,Apt 450
36987-2836,Blythe,PO Box 49402
55154-6976,Koenraad,Suite 79
0143-9707,Trstram,Suite 36
68788-9894,Letta,PO Box 67618
52125-665,Kiri,Suite 50
25021-209,Adel,Room 1566
0131-2478,Laurel,15th Floor
54569-1114,Gabriello,Suite 27
66908-106,Pandora,Room 1217
13107-076,Bron,Suite 53
0041-0241,Walt,Apt 292
50436-4622,Kari,Apt 1436
49999-233,Randee,Suite 77
55154-1026,Elicia,Suite 1
0280-1146,Itch,Room 1128
15127-925,Mauricio,Apt 721
0228-2073,Catarina,Suite 19
51770-112,Seamus,Room 1971
58668-2141,Reeba,Room 1283
68788-9909,Augustin,PO Box 17663
43063-142,Tann,Apt 1184
0067-2037,Brennan,PO Box 54255
53329-069,Abraham,Apt 1734
11344-211,Barnabe,Room 533
76181-001,Raynard,Apt 1897
50436-7801,Sib,Suite 38
49349-261,Raphael,14th Floor
69097-155,Ariel,Room 1293
0781-3367,Bartram,5th Floor
51523-033,Rickert,Apt 41
37205-298,Gibby,Apt 1939
55312-251,Ingrim,PO Box 86231
66435-101,Darrick,Apt 617
12634-615,Blithe,PO Box 30659
55111-397,Ive,11th Floor
0603-7818,Theressa,Apt 1442
0268-0823,Ingrid,PO Box 13200
54575-135,Priscilla,Apt 706
68788-9710,Bridgette,Suite 94
0615-2557,Haskell,PO Box 20744
68382-007,Gianna,Apt 1267
33992-1889,Cam,Apt 245
68647-206,Mohandis,PO Box 74337
37012-810,Tiffi,Apt 226
50419-825,Pamelina,Room 926
0168-0133,Gerri,Suite 94
55741-013,Evered,PO Box 40510
50845-0112,Halli,PO Box 82406
62175-272,Carlen,Room 845
63323-382,Vincent,PO Box 8738
45802-188,Isacco,PO Box 17571
51009-149,Laverna,10th Floor
50436-6051,Talia,Apt 532
41163-168,Natalya,Suite 60
51655-250,Melitta,Suite 52
68788-9822,Abrahan,Apt 954
65977-5042,Parsifal,Room 66
65162-664,Stefan,PO Box 5886
43063-475,Tallia,Suite 88
63323-320,Dela,Room 1828
0268-6136,Berny,PO Box 71800
13537-333,Cecilia,Room 761
0409-1754,Ibbie,Suite 17
37205-483,Chickie,18th Floor
55154-0455,Mack,PO Box 37555
54868-4967,Chrysler,20th Floor
58987-001,Brandie,PO Box 20328
0143-9756,Ashlen,Room 1870
37808-419,Lydon,Suite 33
52959-692,Finlay,Apt 823
53163-106,Oralee,Apt 1296
65044-4708,Ivette,Apt 390
0603-6348,Cybill,PO Box 43231
11673-498,Reagen,13th Floor
55221-0001,Chad,Apt 1025
76214-001,Bert,Room 206
10139-070,Jamie,Suite 6
0615-2303,Gottfried,Apt 1772
68703-006,Betsy,Suite 71
76000-370,Lynnelle,Room 731
49527-571,Moishe,Room 1471
0378-0186,Raynor,Suite 73
36987-1073,Ede,Room 1664
64011-009,Daryl,PO Box 29492
63629-3380,Benni,Suite 50
62802-144,Bessie,Room 1439
55714-1103,Cordie,PO Box 86811
17856-1585,Xerxes,Suite 25
49288-0814,Rora,PO Box 90890
53808-0859,Lillis,Apt 528
58668-6200,Dino,Suite 17
0268-0625,Shelbi,Room 1545
37012-016,Mattie,Apt 63
52125-771,Lucilia,Room 10
68258-7159,Essy,PO Box 53490
21749-095,Enrique,Suite 100
64269-9902,Marna,Apt 1195
68428-069,Cecil,PO Box 84237
52125-580,Fania,PO Box 12538
0168-0432,Alla,Room 962
0409-1105,Nathanil,13th Floor
49288-0674,Sybila,Suite 20
58118-0036,Karita,Suite 59
50804-245,Den,Suite 86
53329-212,Estelle,Apt 572
63481-438,Goran,1st Floor
49738-720,Cletis,PO Box 20243
55648-571,Carina,Suite 31
42507-678,Xerxes,Suite 63
68180-196,Neils,Suite 82
42507-145,Charita,PO Box 91006
36987-1386,Elysha,Suite 50
43482-1728,Lemmie,Room 1206
52584-474,Jilleen,Apt 1865
52533-080,Mollee,17th Floor
37000-616,Winnifred,18th Floor
48951-3141,Dimitri,5th Floor
60505-2541,D'arcy,1st Floor
57344-136,Deane,Suite 53
61722-182,Ase,Suite 89
15127-000,Raphaela,20th Floor
60512-6018,Gayle,Apt 422
51830-053,Vivian,20th Floor
65162-101,Yorke,Suite 54
49288-0041,Nicki,7th Floor
62250-801,Roana,20th Floor
68647-122,Chalmers,14th Floor
36987-1239,Herold,PO Box 1106
0430-0420,Skippy,Suite 82
63629-3762,Stanford,5th Floor
21695-454,Christi,PO Box 81219
29500-9210,Xenia,Suite 54
11535-112,Grover,Suite 75
65162-307,Lynnea,6th Floor
68788-0285,Baron,Apt 1658
36987-2005,Foster,PO Box 66644
60608-013,Tye,17th Floor
66715-9735,Carmencita,14th Floor
36800-618,Marlie,Apt 490
64616-105,Maighdiln,Room 815
11673-311,Bennett,Room 981
48433-304,Jerad,Room 1700
64942-1302,Fidelio,Apt 1524
54868-2679,Sebastian,Room 1363
49035-411,Denna,Apt 1524
52686-324,Agathe,Room 1503
50844-664,Almeria,Apt 76
52959-997,Arlie,Room 784
49999-932,Junia,Suite 10
68647-202,Lenci,Apt 658
50436-9933,Trueman,7th Floor
68462-162,Jeniffer,Apt 602
57520-0041,Estevan,Room 1188
57520-0776,Thaddus,PO Box 27997
32909-105,Peder,Suite 14
54569-5382,Wes,15th Floor
63868-011,Tobi,Apt 1475
37808-227,Staffard,20th Floor
64650-345,Larissa,Room 1840
10544-021,Sutton,PO Box 35482
63629-3868,Goldie,Apt 250
60505-2644,Cynthea,6th Floor
64725-0148,Jedd,PO Box 58553
55910-484,Adorne,PO Box 84184
42254-086,Sarette,Apt 269
57520-0161,Josie,Suite 67
54868-4489,Skyler,Apt 710
0603-6135,Katrinka,Suite 43
55714-1708,Zacharia,PO Box 48057
0573-0175,Timi,Apt 1243
0054-3686,Ezmeralda,Suite 93
16714-365,Che,6th Floor
41163-491,Anastasie,PO Box 46154
42192-343,Martynne,Suite 58
52815-122,Rab,15th Floor
0603-3441,Wendell,5th Floor
54868-3384,Fleming,PO Box 86569
36987-2132,Ax,18th Floor
68084-314,Tiebout,Room 433
57520-0094,Tine,9th Floor
33261-352,Crichton,Apt 1187
66116-453,Christiana,PO Box 68174
65862-697,Rog,Apt 1250
49349-155,Nat,Apt 742
24488-021,Carolyne,Suite 14
