driver_id,driver_name,driver_address,driver_experience
50458-306,Janaya,Apt 1814,10
51991-354,Arluene,Apt 450,13
60429-173,Becky,PO Box 68259,13
98132-186,Loella,4th Floor,6
36987-1510,Eldredge,13th Floor,2
63550-811,Iorgos,PO Box 27358,13
54575-348,Elfrieda,Apt 1239,3
55154-6754,Shalom,PO Box 59342,8
36987-1080,Fielding,5th Floor,11
59779-054,Sabina,Suite 76,12
23155-244,Sullivan,Room 1446,5
59078-012,Jaime,Room 600,9
51346-081,Berky,Suite 4,7
42023-148,York,6th Floor,4
65841-030,Hanny,Suite 37,17
58411-118,Letta,Suite 100,8
0409-0144,Holly-anne,Suite 81,3
24236-070,Nerty,Suite 2,20
59779-842,Mozes,Suite 76,17
58118-1438,Jessa,Suite 7,14
0268-6233,Theda,Apt 501,11
35356-658,Kale,Suite 22,10
51060-028,Tally,Apt 21,13
55910-151,Konstantine,Suite 80,5
36987-1656,Karie,PO Box 91813,7
63323-738,Sherilyn,Apt 284,12
35356-952,Sven,Apt 1016,17
12462-501,Quentin,18th Floor,15
24385-357,Roz,PO Box 80169,18
50436-9978,Sarene,Apt 484,19
68084-359,Irv,5th Floor,3
49035-009,Merrielle,Room 669,16
11523-7364,Emmie,18th Floor,3
57520-0403,Emeline,PO Box 52512,3
42254-151,Chelsey,PO Box 51999,3
66854-004,Munroe,11th Floor,8
50268-408,Avram,Room 715,12
76282-239,Cecilia,17th Floor,11
76237-137,Kleon,Suite 69,12
42291-679,Poppy,PO Box 10631,11
59779-975,Reed,Apt 2,12
0115-2744,Clarisse,Apt 764,5
54575-132,Dagny,Apt 1521,8
48951-8178,Davin,PO Box 61582,16
61699-1966,Mella,Room 1212,4
51060-031,Rozamond,4th Floor,17
49035-001,Willdon,PO Box 31097,13
68169-0049,Mackenzie,Apt 1447,4
55154-9370,Ayn,PO Box 13021,5
63691-017,Malena,Room 903,5
50964-080,Byron,Room 838,19
43353-089,Elsy,6th Floor,9
59262-271,Cate,Apt 208,18
11695-1431,Marrilee,2nd Floor,20
0025-2752,Seline,PO Box 80207,5
0093-5270,Sissy,Apt 1533,5
0078-0352,Dulcine,Room 1651,15
68151-5121,Eustace,Suite 4,12
49999-598,Alistair,Suite 30,11
68001-153,Olivier,Apt 324,13
66944-001,Alexei,PO Box 13993,19
55315-225,Allistir,Apt 400,18
55111-265,Washington,Apt 660,2
16714-601,Ulrica,Apt 1034,16
11523-7312,Phaedra,Suite 88,19
49884-315,Trudie,Apt 954,20
58118-0240,Nickolas,Suite 7,14
24477-515,Nikita,Apt 131,16
36987-1092,Kipp,Suite 1,1
35356-907,Sharl,Room 268,11
36987-2890,Gui,Apt 211,3
52380-1617,Marjy,PO Box 76108,11
0904-6088,Tandy,Room 1223,3
53808-0239,Gunner,Apt 1134,15
49371-044,Anna-diana,7th Floor,14
50988-174,Arney,Apt 1362,4
12546-164,Karole,Room 1232,13
68788-9042,Cecil,Room 1414,19
0268-0292,Lian,PO Box 14229,13
36000-028,Opaline,13th Floor,1
13537-158,Leonardo,10th Floor,10
65864-001,Morissa,Suite 86,10
76095-100,Goldia,PO Box 30957,13
49738-321,Willy,PO Box 81512,14
58118-0518,Ruperta,20th Floor,2
59746-010,Margi,Suite 68,5
36987-1125,Cherye,1st Floor,17
58930-036,Merrie,PO Box 93521,13
48951-1205,Gilbert,Room 1414,19
63029-200,Lynde,Apt 1910,17
11822-6030,Lucho,Room 1592,5
61577-2301,Pooh,20th Floor,4
16714-621,Baillie,Room 796,11
16590-609,Russell,Room 414,7
13630-0025,Umberto,Room 1829,10
54569-0957,Gregor,Suite 95,16
61314-012,Rory,Suite 71,1
67510-0544,Claire,Room 1309,17
0009-7667,Olympe,Apt 374,16
0409-7107,Terza,Suite 99,15
68391-612,Rowen,Apt 778,4
49288-0674,Honor,Suite 33,1
30142-027,Isahella,Suite 84,7
15127-919,Waylon,Room 622,7
11026-2780,Marion,Room 398,13
43538-251,Deane,Apt 1728,12
36987-3366,Leola,Suite 18,1
55154-4758,Barbara,Suite 71,15
76058-106,Amber,Apt 1248,12
58194-020,Mandel,Room 1551,15
49288-0203,Geoff,PO Box 95184,18
52609-0001,Mira,Suite 10,19
68084-052,Peterus,Room 377,5
44911-0049,Meier,Apt 919,12
37808-966,Ermanno,20th Floor,7
10631-407,Celestyn,Suite 54,19
54973-3197,Trixie,Apt 1783,4
11822-0296,Osborne,Room 1076,4
49738-010,Geordie,Apt 1589,9
48878-0620,Melvyn,Suite 52,3
0002-3229,Jemie,Suite 19,14
76058-106,Dietrich,PO Box 72655,3
0299-3848,Arabelle,Suite 100,6
54868-0162,Cicily,Apt 282,12
64205-222,Arleyne,Room 1169,10
0378-3568,Bernita,PO Box 91872,10
33261-045,Charley,Suite 5,3
0093-7255,Jacquetta,18th Floor,3
0472-0094,Hew,Apt 72,20
68991-001,Jo ann,Suite 33,12
40104-703,Barbe,Room 830,16
68084-243,Albertine,PO Box 73019,16
60512-6503,Linus,Suite 20,6
63323-113,Vassili,PO Box 83451,1
55312-183,Brett,PO Box 49313,14
41163-527,Quintus,Apt 493,7
59779-264,Candide,Suite 62,20
55154-5898,D'arcy,4th Floor,8
54868-1386,Aarika,Apt 1340,17
0944-3028,Gwenneth,Apt 1037,18
55714-2288,Clementine,Room 865,15
0555-0923,Corbin,15th Floor,20
52164-1108,Siusan,Apt 589,16
57955-2300,Angelo,Room 1439,3
0378-9045,Harrie,Suite 100,4
36987-2204,Cristina,Room 624,9
54868-2804,Grady,13th Floor,9
10356-822,Dorolice,Suite 73,2
0944-2627,Foss,Suite 37,11
49349-867,Vi,Room 1645,18
50474-596,Daisy,Suite 6,19
0904-6107,Lotti,Suite 43,7
0187-5183,Robinia,PO Box 64045,7
65862-249,Shadow,Apt 419,14
41520-161,Swen,Apt 29,17
48951-5028,Iona,Room 1722,20
57243-189,Lyn,Room 1900,1
21695-736,Toby,Apt 338,13
11523-7277,Elizabeth,Suite 61,15
21695-400,Renault,Apt 723,10
41520-528,Maud,Room 803,19
0904-6251,Corina,Room 723,19
63539-183,Rena,PO Box 41770,1
54575-326,Lynnette,Suite 55,16
61589-6506,Wittie,Suite 67,5
50436-0875,Shoshana,Room 1604,14
54868-3363,Caril,PO Box 72306,18
55301-600,Curt,Apt 1436,15
62756-402,Sampson,17th Floor,3
41520-423,Leroi,Room 1186,1
42627-202,Consalve,4th Floor,4
61748-044,Denyse,Apt 785,5
0409-1560,Tucky,Apt 1026,15
55154-4250,Betteann,Room 293,13
0093-0263,Rafaela,Suite 10,12
63667-957,Lydie,16th Floor,9
64942-1280,Harmonia,Apt 1740,14
35356-526,Hatti,18th Floor,17
24571-103,Jeniffer,Apt 206,4
53329-043,Deva,Apt 363,7
68387-241,Dollie,Room 1097,6
10337-332,Rachelle,Apt 124,4
65841-742,Siobhan,PO Box 460,18
51389-200,Roxie,Suite 22,7
36800-548,Arie,PO Box 60586,6
55289-607,Nicholle,Apt 1003,17
0904-0314,Briney,Room 149,20
60429-911,Calida,17th Floor,7
36987-2070,Harp,Suite 32,8
53808-0165,Erl,Room 1153,20
0456-3205,Sheeree,Room 1061,1
59896-520,Cookie,12th Floor,2
62011-0154,Gavra,Apt 1702,15
36987-2376,Paulette,PO Box 17503,11
10337-358,Basilius,Room 318,6
60505-2916,Bethanne,Room 111,8
42783-312,Hadlee,PO Box 37306,18
0078-0109,Mallory,Apt 1663,17
67877-171,Guthrey,Suite 3,12
21695-040,Annabela,PO Box 69928,20
67296-0315,Jessie,PO Box 55909,16
68021-1002,Caryl,Apt 1951,10
60760-049,Sigismundo,Apt 1577,19
47682-215,Ainslie,Suite 95,11
64725-0169,Mayer,8th Floor,8
49348-074,Flory,PO Box 4227,7
49349-239,Lissi,Room 983,5
17478-510,Asa,15th Floor,13
37000-501,Leona,Room 720,5
68788-9721,Krysta,Room 636,11
36987-2344,Cati,Suite 100,11
43455-0014,Jarvis,Room 994,14
49483-331,Raddy,Apt 442,3
48951-3029,Gustie,4th Floor,11
61715-055,Cordie,1st Floor,5
41250-404,Wolfy,Apt 641,16
0603-3744,Talbert,Apt 1004,16
0517-2000,Cairistiona,Apt 921,18
58118-0353,Jany,Apt 1892,3
61442-361,Jannelle,Suite 61,3
66579-0023,Wit,PO Box 69687,10
52959-635,Craig,PO Box 3085,5
20276-046,Mattie,10th Floor,14
59667-0022,Aurelia,Suite 47,2
0409-2287,Rafa,8th Floor,17
55316-882,Conni,Room 274,12
15127-212,Ulrich,Room 1540,5
51060-063,Joete,Suite 71,13
13533-684,Rickie,13th Floor,8
53014-579,Cody,PO Box 83143,9
61919-010,Garv,Room 1769,19
55154-2736,Henriette,Apt 675,13
54868-5022,Flin,Suite 99,6
68001-122,Pammy,PO Box 81127,6
0781-5150,Quintilla,PO Box 33351,14
51367-013,Philip,PO Box 76578,12
52904-470,Emmery,Apt 707,15
0472-0371,Caritta,Suite 2,3
68210-0001,Ikey,13th Floor,10
54868-5437,Valeda,PO Box 85165,13
68180-123,Brendis,Apt 1714,12
76151-105,Willie,Room 261,11
57955-5120,Mathilde,Room 318,3
64117-101,Sophey,Suite 42,6
61957-9400,Ettie,Room 33,10
65923-006,Zandra,Apt 48,15
0363-4009,Walther,Room 811,20
55526-0002,Ulick,2nd Floor,16
36987-2553,Amanda,Apt 1247,10
54868-4700,Gordy,PO Box 27829,8
52533-074,Norbie,Room 1666,5
42593-001,Meris,Apt 1919,15
49288-0944,Taddeusz,11th Floor,20
65044-4700,Horatio,Apt 1720,20
51630-004,Inez,PO Box 57206,1
50436-9029,Mahalia,Apt 1889,18
0025-1961,Dewitt,Suite 19,9
55319-005,Matilda,Suite 26,19
54868-6066,Shelley,13th Floor,14
49349-862,Robbert,Room 764,10
65044-1946,Salvatore,17th Floor,14
66382-542,Toby,Apt 958,16
0268-6218,Mureil,Room 1414,7
0641-6026,Edward,Apt 453,14
49288-0248,Renell,PO Box 5530,13
0924-0091,Lin,Apt 1432,8
35356-729,Jessie,4th Floor,6
0143-9908,Rosabel,Apt 921,12
55301-299,Carmine,5th Floor,14
63824-319,Gerry,Apt 854,9
47593-502,Chrystel,Room 668,5
48878-3215,Marven,PO Box 43814,2
49580-2412,Yolane,PO Box 89385,18
76388-635,Binny,Apt 1629,4
43353-544,Emily,Room 1378,6
42549-655,Dehlia,2nd Floor,12
50804-376,Peggie,Room 1927,14
52584-028,Averill,PO Box 37433,10
0268-6635,Scotti,Apt 1224,2
0268-6720,Dode,PO Box 64883,19
46708-087,Adriano,15th Floor,1
55154-7204,Shayna,Apt 277,15
37012-490,Elana,PO Box 96797,17
0378-4007,Kirbie,4th Floor,3
68828-103,Aldous,Apt 1263,16
54868-4514,Jude,PO Box 34340,19
67046-657,Silvano,Apt 104,12
58118-0105,Harland,PO Box 87527,1
41520-721,Leilah,Apt 1962,14
35356-658,Samaria,8th Floor,1
64893-495,Phoebe,Room 1286,20
52685-320,Cecilla,Room 787,20
55910-171,Rhianna,Apt 271,18
0007-4139,Lexie,Suite 26,11
63824-351,Ryann,Suite 36,18
43742-0014,Burke,Room 251,15
21695-762,Enos,16th Floor,7
16714-314,Charlene,Suite 86,2
65785-162,Carrissa,Suite 24,17
0404-4441,Raviv,PO Box 15850,1
51285-080,Dorthy,PO Box 24190,18
0168-0400,Gael,Room 167,13
30142-933,Tarah,Apt 864,3
0078-0408,Pennie,Room 1978,7
49349-520,Milicent,Apt 689,14
0781-2266,Camel,PO Box 14288,1
76329-6300,Haskell,Apt 1650,7
0264-7390,Jeannine,Apt 1415,6
67544-002,Bevvy,Apt 1474,14
63550-194,Ashely,PO Box 83915,15
49781-090,Jacqui,PO Box 56816,2
11331-001,Spike,Suite 26,19
60505-3247,Francisco,PO Box 27595,13
59762-0220,Sherline,Apt 388,12
24236-625,Donalt,18th Floor,20
30142-884,Ivett,Suite 83,12
34690-9001,Jehu,Suite 12,2
0268-0929,Marquita,11th Floor,20
0168-0353,Isak,PO Box 52130,9
63187-188,Benedict,Room 1991,3
49349-064,Dorri,PO Box 62816,13
49348-998,Anissa,14th Floor,11
65862-218,Ibbie,Room 279,16
49348-740,Freddy,6th Floor,19
50302-330,Clemens,2nd Floor,16
16590-830,Myrtia,PO Box 94158,15
55505-173,Zachery,Apt 1327,15
59310-579,Dolorita,Suite 82,12
21695-454,Elaine,Suite 53,1
59390-206,Kikelia,Apt 1072,20
0093-7244,Samara,15th Floor,19
54569-2545,Ulrike,7th Floor,10
0781-2715,Fenelia,Room 1651,2
68327-025,Roxane,Room 1106,6
54575-139,Susannah,PO Box 93209,10
0054-4219,Rebecka,15th Floor,8
68788-9394,Sophi,Room 1449,10
0299-2012,Rosamund,Suite 75,7
0615-3527,Shaina,17th Floor,18
36987-2361,Laural,Room 275,12
62011-0053,Rakel,Apt 594,9
53346-1365,Clem,Room 1548,11
68788-9898,Dickie,Room 462,13
36987-3148,Morten,Apt 1948,11
0093-0928,Daloris,PO Box 9867,3
48951-9075,Annabela,Apt 789,13
21695-385,Sid,PO Box 40102,5
0409-2587,Stepha,PO Box 68731,7
64613-5900,Carmelina,Suite 23,1
40076-945,Cary,3rd Floor,4
52456-018,Lela,Room 1265,20
55154-6637,Kennett,Apt 805,5
47593-458,Jamal,Room 113,10
49738-388,Kennett,PO Box 88494,20
55319-376,Alaster,17th Floor,12
65342-2340,Saree,1st Floor,5
54569-2146,Heidi,PO Box 54705,9
0093-7167,Kelsey,Apt 1801,2
51060-053,Seana,PO Box 4125,17
68428-735,Bat,Suite 94,12
0832-0465,Serene,Room 881,4
66715-9733,Darci,Room 753,18
53808-0386,Loella,Suite 4,16
51079-375,Patrica,Apt 1714,19
0268-0054,Balduin,Apt 47,20
43742-0164,Stanislas,Suite 39,8
68084-852,Dolli,PO Box 22843,11
48951-1229,Sibyl,9th Floor,12
0338-0017,Eden,Apt 828,18
58414-8808,Fidole,Room 617,11
60760-129,Roseanne,Apt 1098,9
53329-643,Jere,14th Floor,13
63629-4796,Cherish,Apt 1940,20
51138-018,Dan,Room 1011,9
48951-2023,Liam,Apt 1246,18
52815-121,Trish,Apt 726,5
35356-871,Avis,7th Floor,2
59726-189,Corri,Suite 88,5
13107-035,Roman,Suite 14,15
55289-073,Carlos,PO Box 58781,1
58154-103,Dido,PO Box 45107,1
49349-411,Araldo,Apt 270,13
0093-5768,Poul,Apt 1246,16
0074-3312,Alanson,4th Floor,15
0904-7734,Eadie,Suite 61,9
52544-065,Maisie,5th Floor,4
67296-0378,Riccardo,Room 498,13
63843-520,Kahlil,Suite 60,10
57344-090,Sarene,Room 661,15
68788-9899,Alfie,Room 479,16
55154-7466,Adorne,Room 1017,20
13537-313,Angelo,Room 1921,16
12462-301,Rebekkah,Suite 16,9
36987-1544,Walden,Suite 41,6
65162-770,Tommy,PO Box 91298,20
57520-0120,Nat,PO Box 50090,1
64117-964,Aimil,Suite 73,10
41250-014,Lotta,Room 1784,4
55319-168,Lindsey,PO Box 38145,18
42507-759,Celina,17th Floor,18
52584-348,Billy,Suite 9,5
43857-0201,Berti,Room 1720,8
47593-495,Alma,PO Box 68198,16
49884-404,Carver,PO Box 42950,2
49348-540,Nichol,Room 737,20
16590-765,Loni,4th Floor,8
46122-200,Ford,Room 508,18
30142-906,Adolphe,Room 893,15
55312-829,Thadeus,Room 1387,6
61957-1203,Galven,Room 216,14
21695-003,Ronny,PO Box 50453,4
31722-238,North,Room 1341,5
11822-0822,Aldon,Room 140,1
49288-0767,Pyotr,17th Floor,18
0113-8365,Stirling,Room 1163,4
68382-129,Joyous,Apt 1253,16
60760-982,Weber,Room 1256,8
0378-5051,Laney,1st Floor,6
55289-522,Abdul,Suite 65,3
55315-525,Lucias,Room 324,2
36987-2893,Rawley,Suite 45,2
0395-0420,Julina,Apt 1254,19
23360-153,Anabel,Apt 1307,1
62499-535,York,Room 669,13
43538-530,Beryl,PO Box 6183,4
55301-551,Hurlee,16th Floor,16
17575-005,Dana,5th Floor,14
68382-066,Modesta,3rd Floor,2
41167-0510,Hamel,Suite 94,13
52544-472,Nate,9th Floor,20
0603-3581,Rania,Suite 36,20
63981-484,Bil,2nd Floor,11
53345-025,Bastien,Suite 48,12
68151-1742,Marty,Apt 671,13
58232-9814,Aldis,Room 493,19
55316-130,Ashton,4th Floor,16
55910-038,Giustino,Suite 36,8
61245-176,Claudian,Room 1124,19
56062-008,Karmen,Suite 67,18
0113-0817,Edeline,Suite 24,14
0944-2884,Martita,11th Floor,2
57955-5070,Jeanie,Apt 1171,10
57520-0532,Giuditta,Suite 59,10
0054-4596,Alfi,20th Floor,13
10802-1202,Melisande,Room 731,19
0268-0845,Lothaire,Apt 1569,3
13537-108,Lillian,Apt 1580,11
0363-2172,Vasily,Apt 989,12
21695-008,Aile,Apt 682,19
42291-198,Toni,Apt 972,18
52584-414,Jillana,Room 182,13
0363-0195,Becky,Apt 1118,20
48951-8025,Willetta,Suite 50,17
76015-100,Sandy,Suite 45,2
61957-0201,Alyda,PO Box 2474,17
63323-467,Astra,Apt 522,12
68084-498,Cammy,Apt 851,6
55111-333,Caye,PO Box 85688,16
67296-0152,Cass,Suite 57,8
57955-1257,Pen,Apt 907,16
11822-0973,Oliver,Apt 48,15
25021-212,Barny,Room 1242,4
76439-261,Retha,14th Floor,15
0869-0871,Calli,Apt 1006,14
54868-3049,Tades,Apt 1189,18
37205-292,Jammal,1st Floor,13
44523-415,Bret,Apt 49,15
0363-0571,Morgen,18th Floor,16
0406-0361,Alexandr,Suite 97,9
0555-0971,Carla,1st Floor,4
54868-4895,Charyl,PO Box 80183,20
59667-0058,Tracy,Room 763,13
33261-842,Ernesto,19th Floor,4
55111-167,Ryun,Room 526,2
43857-0030,Gardy,Suite 83,9
49288-0434,Korry,Apt 1159,13
17312-019,Duff,12th Floor,9
98132-135,Scotti,Suite 36,13
61703-422,Eleen,Suite 47,16
15127-989,Ursa,Suite 87,5
61722-164,Brand,Suite 24,15
63323-342,Dorotea,Apt 1217,8
41250-544,Sophi,4th Floor,2
60429-140,Domingo,Apt 1493,5
21130-141,Yule,Suite 57,7
55154-5026,Delinda,Room 1049,10
0268-0946,Brew,Room 234,13
0641-6068,Christiane,Apt 104,14
0206-2413,Fredek,15th Floor,1
52584-273,Redford,PO Box 34598,6
37000-066,Clarice,PO Box 72777,4
37000-078,Phineas,14th Floor,11
0093-0756,Raddie,20th Floor,4
68151-3110,Carolan,Suite 72,20
60846-520,Dania,Apt 1368,14
75916-0664,Gertie,14th Floor,20
13668-033,Niles,Room 1715,10
0409-3383,Jane,Apt 1389,19
47682-003,Vasily,Apt 1880,8
14783-033,Pavel,PO Box 3130,4
55154-5394,Saidee,12th Floor,11
98132-709,Micheal,PO Box 42432,8
50387-300,Paola,Apt 1709,11
31645-140,Devland,6th Floor,15
62185-0004,Arie,PO Box 54714,18
0944-2884,Moss,PO Box 96804,2
55316-541,Bethina,PO Box 72380,13
68703-105,Amandy,Room 1444,12
0409-1134,Reagan,Apt 946,18
52584-465,Carilyn,Suite 52,7
54868-4279,Sax,2nd Floor,20
53808-0631,Rochelle,Apt 871,1
55714-1113,Samson,Room 1617,1
41167-3304,My,Suite 71,8
68084-552,Rivy,6th Floor,3
24385-005,Bobina,Room 1237,14
49371-038,Saba,Apt 673,2
41520-025,Loretta,Suite 23,11
55154-8257,Nelson,19th Floor,12
62874-995,Hester,Suite 25,14
33992-1310,Dominic,PO Box 73726,12
68788-9513,Bryon,Suite 35,3
62309-777,Gallard,Room 1824,15
29500-9804,Leila,Apt 1893,14
0406-0362,Alessandra,Room 1237,11
62296-0036,Almeta,Suite 28,9
61010-1112,Gussie,Apt 877,8
65044-1336,Vin,Suite 6,4
49580-1403,Pace,Suite 5,9
65862-069,Delcine,PO Box 61291,3
13811-669,Bealle,Apt 562,4
13537-460,Jeanie,Suite 65,1
61995-2535,Esmeralda,Apt 1497,10
59158-913,Tiffany,PO Box 4970,3
59746-244,Eldredge,Room 1793,17
45802-138,Paton,18th Floor,15
61509-105,Cyndi,Apt 1429,12
41250-449,Northrup,Apt 1282,2
68788-9403,Kendra,Room 779,20
52389-633,Leif,Suite 13,1
0143-1475,Callida,Suite 25,4
61589-3814,Bradan,Apt 1228,10
0641-6121,Peyter,Apt 1006,15
24236-960,Heddie,PO Box 82083,8
63187-055,Gabrila,Suite 49,16
65321-026,Alric,Suite 51,12
0395-8010,Alma,Suite 74,12
10191-1989,Ricardo,PO Box 32873,10
0054-0237,Lula,Room 82,5
10544-106,Wilfrid,Room 1984,20
35000-086,Lock,PO Box 31880,1
0069-0125,Janeen,Room 298,10
57520-0154,Hymie,9th Floor,14
0904-6103,Johny,PO Box 58628,11
59148-021,Berkeley,Apt 191,9
52345-1001,Trey,PO Box 68466,13
60846-901,Henriette,Apt 1536,1
54868-4402,Lorain,12th Floor,9
67777-233,Esteban,PO Box 95707,6
0591-2190,Ashley,PO Box 34530,20
0135-0226,Kaia,PO Box 95963,9
49808-194,Vilhelmina,PO Box 80665,20
49738-600,Penny,Room 1442,11
64942-1089,Val,Apt 1888,17
42255-800,Rhys,16th Floor,20
67544-356,Tracy,Room 1055,15
67046-108,Thacher,Apt 462,8
0178-0340,Kendra,PO Box 76912,11
55316-057,Gibbie,Suite 38,10
55910-022,Claus,Room 1179,2
11673-422,Hermy,Suite 58,17
0268-1607,Angus,Suite 94,17
36987-1135,Ewart,15th Floor,4
53145-303,Ardine,17th Floor,19
33261-625,Germana,12th Floor,18
43742-0023,Kerianne,PO Box 77998,2
62499-384,Denis,Suite 74,11
51079-894,Zarah,Apt 1472,10
42582-200,Biddie,6th Floor,20
34954-013,Barbie,11th Floor,5
13630-0054,Shawnee,20th Floor,15
51655-670,Nikita,11th Floor,14
41190-944,Becky,Apt 495,9
64249-0003,Davis,PO Box 49596,12
54868-2405,Bernardine,11th Floor,8
49738-497,Matty,Room 256,7
52533-001,Rollins,PO Box 23357,14
0006-4831,Siegfried,Room 1698,16
33261-112,Guillema,PO Box 63989,12
60681-5301,Emelina,Room 1540,20
51138-035,Harrietta,Suite 90,18
52125-084,Shanon,16th Floor,20
0378-7732,Demetra,PO Box 11064,6
49738-497,Rosanne,PO Box 99153,13
51672-1309,Cleavland,1st Floor,19
36987-3130,Barbaraanne,Suite 6,20
50419-483,Ardelia,15th Floor,12
52544-892,Haily,5th Floor,15
36987-2887,Jermaine,Room 244,17
51991-738,Victoria,Apt 417,8
54340-702,Sayre,Apt 428,16
41520-235,Glory,Suite 16,9
51367-020,Falkner,2nd Floor,3
66184-510,Jarib,PO Box 15225,6
53507-001,Katharina,Apt 327,19
57520-0430,Judie,Suite 52,17
28595-803,Norah,Suite 18,3
64406-944,Mariana,PO Box 24918,8
63824-041,Stesha,PO Box 39956,14
48951-4017,Tamas,Room 1851,6
0074-3282,Davey,19th Floor,14
0173-0791,Anthiathia,Suite 49,7
21695-192,Latrena,Room 597,5
57955-1260,Sheffie,19th Floor,17
63304-130,Cecilia,12th Floor,8
60429-288,Greta,Suite 25,17
36800-030,Gar,12th Floor,17
10096-0153,Gery,Suite 21,6
18860-101,Angelina,PO Box 24954,8
0115-1472,Antoinette,Room 1508,19
76268-001,Javier,Room 1430,19
10424-145,Sherm,Suite 35,3
10412-0001,Phil,Room 443,10
59779-159,Claudia,Room 860,15
49349-972,Noble,PO Box 89533,12
0615-7679,Staford,PO Box 28660,7
49035-403,Katheryn,Room 1466,16
64980-137,Blondelle,Room 1643,10
0409-7299,Holden,3rd Floor,19
68382-022,Dwayne,PO Box 55132,10
76237-291,Lewie,PO Box 90051,11
59779-060,Tomi,Suite 81,1
36987-2649,Ozzy,PO Box 54324,3
35356-783,Chiquia,Apt 11,10
0185-0010,Hildagard,Suite 90,20
13548-132,Horatius,PO Box 87765,19
49349-354,Quintus,Room 389,12
58232-4034,Valentijn,19th Floor,5
35356-118,Thurstan,Suite 86,5
41167-0170,Issie,PO Box 62548,13
21695-793,Saunders,PO Box 11073,3
49349-160,Dina,Suite 50,15
76260-101,Cheri,Apt 1971,6
0781-9412,Martino,Apt 404,13
52183-325,Cesar,5th Floor,7
76237-282,Shantee,PO Box 7378,15
68428-110,Melina,Suite 96,2
59746-348,Corine,Room 1598,14
0071-1016,Cherise,PO Box 4198,2
60512-6005,Dagny,Suite 100,1
52533-024,Lucius,Apt 1101,4
49288-0151,Blake,Suite 73,10
54575-114,Crissie,PO Box 99931,5
33261-012,Bryana,1st Floor,9
68999-626,Antonia,Room 266,2
64942-1114,Charyl,Suite 58,7
65862-477,Nicoli,Room 1283,17
0615-3561,Hurleigh,Apt 36,11
58980-150,Corry,20th Floor,8
49708-644,Erie,12th Floor,5
41520-513,Bruis,Room 1617,6
59535-3701,Cornell,15th Floor,13
63629-4061,Sarena,Room 1804,7
54569-2299,Rob,PO Box 72628,10
49349-145,Michele,Room 686,17
68788-0616,Chicky,Suite 85,18
59779-089,Ryann,Room 187,16
0179-8705,Perla,PO Box 2622,15
0781-1830,Robbi,Apt 1264,11
64942-1310,Agnese,Room 380,19
12745-145,Bernetta,Room 1840,12
55154-4376,Ogdon,PO Box 57627,6
57344-090,Jsandye,1st Floor,11
37012-194,Edwina,Apt 523,20
54473-185,Fidelio,Room 1066,13
49348-047,Malvin,Apt 1963,4
64117-983,Balduin,Room 713,16
68788-9744,Caro,13th Floor,16
49310-001,Glenine,7th Floor,16
42479-214,Anett,PO Box 24699,13
55289-399,Jesse,Apt 374,9
64525-5382,Vernon,Suite 8,18
58232-0001,Ashlee,15th Floor,11
52125-884,Yasmeen,Apt 1192,3
37000-345,Correy,PO Box 89408,13
53808-0919,Hewe,8th Floor,14
23155-066,Cello,19th Floor,12
51346-228,Etheline,Apt 1167,1
13537-006,Marten,Apt 1952,3
0703-5657,Toby,PO Box 58356,4
42485-007,Alika,Apt 145,15
55154-5431,Charil,PO Box 52344,20
43547-320,Bernelle,Suite 100,7
50268-615,Nestor,Room 663,2
51079-959,Tildie,Suite 68,17
0245-0420,Rosemary,Room 508,17
63739-325,Ursola,Apt 1956,11
48951-8098,Nolana,Room 1902,2
0135-0547,Arden,15th Floor,6
68152-101,Friederike,Apt 379,12
37808-046,Devon,Suite 25,15
0093-7638,Ravid,Room 1279,9
37205-488,Selig,PO Box 80262,3
60505-2592,Bertine,Room 1465,2
0781-5767,Harriott,Suite 6,13
0363-0944,Kendall,PO Box 99947,15
48951-1136,Isaiah,PO Box 69998,12
54868-6168,Meris,Suite 13,18
61245-153,Teriann,Apt 1591,11
36987-2588,Emlyn,15th Floor,7
51960-001,Willem,Room 1464,1
37205-850,Vera,Apt 1168,13
63922-222,Sandi,4th Floor,1
55154-7025,Olga,Apt 1662,17
24236-762,Uta,Room 1899,8
50436-3988,Rowen,Apt 1569,8
49348-924,Starlene,Apt 1781,17
11822-5311,Tad,14th Floor,20
51079-161,Cordie,PO Box 91708,19
76296-005,Selle,Room 1128,1
47593-305,Ruddie,Room 1270,14
10812-390,Lezlie,Apt 798,14
16714-371,Rafaellle,16th Floor,12
52959-707,Clarissa,Apt 1153,4
24909-114,Hagan,11th Floor,18
49035-010,Misha,12th Floor,12
68151-4461,Cheston,Apt 1373,16
59528-0416,Gloria,Room 467,16
24236-584,Evvy,PO Box 40396,20
51393-4008,Krispin,Suite 70,11
64725-0315,Clair,Room 1188,20
16590-154,Rosie,14th Floor,6
68180-650,Donia,2nd Floor,7
76331-905,Bryanty,Room 166,3
62011-0057,Nerte,Apt 696,6
50268-788,Emlynne,Apt 1704,9
0406-1146,Ramona,PO Box 89249,13
0220-9314,Gianina,Apt 464,14
33342-092,Nerte,Room 1783,18
41167-7516,Angel,PO Box 67346,19
51785-515,Loella,Apt 1310,20
51621-040,Yetty,Suite 65,17
55648-949,Eydie,PO Box 29800,16
10544-103,Lucian,19th Floor,15
53808-0803,Ema,PO Box 47836,8
68462-106,Toni,Room 301,2
63941-525,Packston,PO Box 13908,9
64942-1342,Giselbert,Apt 835,5
48951-1028,Analise,PO Box 98631,3
43857-0052,Gothart,Room 1187,13
58411-180,Bard,PO Box 39780,13
33261-055,Celisse,8th Floor,7
61715-043,Quintus,Room 753,12
0085-0492,Giuseppe,5th Floor,2
61442-103,Ilyse,Suite 39,19
0268-6726,Nester,PO Box 11628,18
24385-404,Mikkel,Apt 1675,7
55154-5433,Kevyn,Apt 1865,3
0143-9982,Raye,PO Box 13190,7
16781-462,Leilah,Suite 69,5
0378-4092,Farley,PO Box 25623,5
0944-2802,Renado,Suite 79,13
10544-613,Orly,Room 314,3
43742-0038,Tasha,Apt 995,16
76334-001,Betty,Suite 92,6
0168-0133,Mose,PO Box 70347,1
0574-0147,Ozzie,19th Floor,8
42199-005,Fina,Room 1248,13
0268-1368,Yorker,Suite 52,16
76329-3316,Paton,Suite 3,7
50844-470,Salvador,Suite 89,12
11673-660,Alejandrina,PO Box 36038,9
0363-0526,Morgun,Suite 53,14
49738-065,Phyllis,PO Box 71684,11
37808-177,Selle,15th Floor,8
0268-0946,Ralf,Room 1432,12
68382-715,Anjanette,PO Box 20853,6
98132-164,Cecily,Suite 99,16
43275-140,Merla,16th Floor,1
55910-296,Maximilianus,Apt 756,20
24236-933,Estevan,Apt 407,9
51079-075,Heddi,Apt 316,6
59995-005,Gabriella,Suite 64,20
49852-006,Margalit,Room 15,7
0603-4022,Amelina,PO Box 8935,13
37205-266,Nester,Room 1625,19
62756-350,Mead,Apt 660,13
59779-903,Bondy,Room 833,12
13811-648,Dorice,Room 481,15
21130-161,Tobe,PO Box 92290,1
60232-6500,Julius,Room 46,3
67112-401,Maurizia,Suite 8,10
52959-655,Glennie,Suite 85,16
65862-477,Dudley,20th Floor,20
52069-103,Harvey,18th Floor,9
49589-103,Bordy,PO Box 84736,3
49288-0726,Ezri,2nd Floor,17
42002-442,Freedman,4th Floor,20
59779-320,Crissy,5th Floor,4
41190-903,Benedetta,PO Box 53286,1
0078-0500,Cathryn,Suite 10,17
37808-471,Fidela,Room 280,12
52125-574,Addie,Suite 38,5
0268-6644,Judy,Room 772,14
60505-0760,Twyla,Room 269,7
63481-627,Karel,12th Floor,20
64117-208,Romona,Suite 73,2
65224-539,Dorotea,Suite 45,15
62654-143,Bram,7th Floor,6
58411-164,Cam,Room 1577,3
49035-965,Shaw,Apt 394,1
63629-3342,Auroora,20th Floor,16
17089-456,Nataline,Apt 657,11
15127-909,Myrilla,Apt 731,8
58503-021,Cindelyn,PO Box 5835,11
49035-291,Dorolice,9th Floor,11
0781-5527,Corbie,20th Floor,17
57520-0372,Poul,19th Floor,12
49288-0579,Terri,Apt 1783,19
62111-0211,Robbie,Apt 1009,15
63187-072,Omero,Apt 6,2
55045-3841,Vernice,Apt 1563,13
55289-048,Regina,PO Box 15672,12
59800-7232,Alexandr,Apt 1745,7
65044-1207,Beau,Room 230,17
0121-0775,Faulkner,Apt 745,18
43353-089,Joelynn,Apt 730,13
52125-429,Annabella,PO Box 24576,14
43742-0101,Maren,Apt 1704,6
43269-877,Jaquenetta,Room 929,15
24571-105,Ethelind,Suite 6,2
42571-005,Ketti,Apt 622,16
0172-4366,Wells,Room 43,16
0268-1333,Kristos,20th Floor,6
55316-604,Fredia,3rd Floor,20
49349-550,Alice,Apt 1899,12
52685-446,Rosemonde,1st Floor,10
0054-0100,Harriott,Room 61,15
58118-5061,Zachary,Suite 24,16
21130-238,Marina,PO Box 30310,11
69020-207,Geraldine,Apt 1563,11
67046-674,Abey,Apt 596,7
23155-014,Leigha,12th Floor,12
57520-0221,Barthel,Room 313,8
54622-520,Erv,Apt 75,7
10678-004,Alasdair,Room 983,5
25010-813,Zulema,Room 1987,5
0228-3059,Etienne,Suite 20,11
55301-013,Kathlin,Suite 55,4
36987-2443,Matthew,Apt 287,7
49348-228,Emanuel,Room 430,1
11084-732,Cyrus,Suite 84,15
63629-2974,Elvera,8th Floor,14
68669-135,Alexine,Room 1624,5
49999-158,Sarita,18th Floor,13
55648-662,Isis,11th Floor,15
11084-066,Kipp,PO Box 15836,9
54868-4984,Dyna,Suite 54,17
57520-0205,Vernice,Suite 91,16
16590-299,Stephie,Apt 550,10
49288-0270,Holden,18th Floor,17
68016-130,Averil,Room 1310,12
66761-341,Leone,Suite 20,2
58737-103,Cosimo,13th Floor,10
0037-0431,Dolly,6th Floor,12
63304-164,Teressa,Apt 1174,8
60429-251,Jakob,Suite 91,6
36987-2161,Tatum,19th Floor,14
61995-2500,Elsi,Apt 1609,5
42192-115,Arni,Apt 484,14
63629-1564,Allyn,Apt 441,13
52959-734,Thomasine,PO Box 20705,7
54868-5258,Scotti,Apt 1388,2
36800-400,Nicolina,Apt 410,14
49999-113,Kane,Room 1981,11
54868-4341,Gus,PO Box 91899,7
53808-0813,Johnette,PO Box 14328,8
42291-232,Daloris,Apt 214,12
0187-0795,Royce,Suite 73,9
0143-9709,Clemmy,Apt 960,4
54569-0905,Jany,17th Floor,1
49035-401,Dacia,Suite 19,15
0603-0747,Marielle,20th Floor,11
53808-0643,Pearla,PO Box 1934,1
65643-335,Dory,PO Box 17341,9
24385-296,Mathilde,Room 1476,9
63629-3377,Aimee,Room 802,20
0781-2453,Bartel,1st Floor,13
0085-0314,Valma,6th Floor,7
21695-370,Kittie,Room 1867,11
37000-128,Elnora,Room 102,14
46994-503,Val,5th Floor,19
10956-761,Ephrayim,10th Floor,16
46122-030,Davide,Suite 50,14
43353-607,Addia,Suite 15,19
54569-0967,Sunshine,Apt 1876,11
69103-3502,Janaye,16th Floor,8
68084-230,Sylvester,Suite 26,4
33992-0293,Penny,PO Box 88276,19
45865-373,Pattie,Apt 1847,4
61314-225,Issie,PO Box 14321,4
59630-142,Gilberte,Room 1321,3
49738-886,Aurore,10th Floor,10
63629-4638,Xever,PO Box 88349,10
61715-129,Muffin,PO Box 80947,14
42602-001,Dyann,Suite 12,11
41250-202,Harman,Room 1462,18
28400-105,Kathryne,12th Floor,9
68151-1471,Elyn,Apt 563,13
36987-2058,Leopold,16th Floor,1
17856-0082,Shoshana,Suite 40,3
0268-0850,Nat,Room 1394,4
24385-982,Shermy,Room 577,3
0067-6290,Noell,8th Floor,12
49035-401,Donnajean,Suite 87,12
41167-0470,Nikoletta,Suite 48,2
42825-100,Dania,Suite 2,13
49884-952,Sigvard,Suite 35,20
17089-347,Carmen,PO Box 41399,4
10191-1941,Mahala,Room 1820,11
53603-2014,Sibyl,Suite 32,20
50991-723,Elnora,Room 1573,20
55154-6295,Saba,Room 838,2
13537-111,Alfredo,Room 974,4
63539-044,Dulci,PO Box 98135,18
49348-985,Twila,Room 1220,3
55910-179,Judah,PO Box 5358,20
0378-0181,Letta,Apt 1149,7
36987-2985,Lief,Room 1962,17
66738-701,Hurleigh,PO Box 94351,5
54868-5010,Maximilianus,Suite 98,12
13537-164,Witty,Suite 31,7
68436-110,Rosalynd,PO Box 84841,13
63323-506,Kristoffer,Suite 76,12
36987-1104,Felizio,Room 446,7
0071-0156,Annelise,PO Box 37812,19
44911-0076,Sonnnie,Apt 1712,6
43857-0063,Damaris,9th Floor,19
41250-423,Kessia,Apt 1182,19
55885-010,Ardeen,PO Box 50644,8
0054-4650,Dwain,Room 1616,11
61657-0956,Yves,PO Box 7556,13
43598-003,Nan,PO Box 29953,17
0002-8148,Audrie,12th Floor,7
68428-116,Davon,Room 149,4
53499-6371,Bevan,Apt 1205,4
44911-0058,Murvyn,Suite 9,18
63739-693,Meridel,4th Floor,16
0143-9890,Wesley,11th Floor,1
0054-0198,Chandra,PO Box 58542,8
0456-4123,Giordano,Apt 215,11
58406-455,Rhys,PO Box 65508,17
0054-4120,Beverlie,16th Floor,15
53041-403,Odella,Suite 92,7
30142-027,Katheryn,PO Box 25029,19
11523-7184,Rockey,Room 70,10
60512-2005,Jamil,Suite 2,2
63187-122,Wat,PO Box 34023,1
0781-5753,Anna-diana,Apt 1286,9
59535-3201,Audry,Apt 1483,1
64980-104,Dall,Room 1802,14
54738-950,Jaime,Apt 1093,7
0338-0703,Bengt,10th Floor,15
51346-182,Der,1st Floor,2
57955-2282,Ali,12th Floor,14
11673-271,Georgeanna,Apt 1193,8
52584-637,Baily,PO Box 12454,5
55150-119,Justin,Suite 70,3
35000-675,Sandy,PO Box 18887,10
10893-150,Clarabelle,Room 1997,18
43406-0015,Fernandina,PO Box 8363,17
37000-328,Bendite,12th Floor,7
42406-006,Bren,Room 303,9
43455-0015,Bobbette,Room 1275,17
65862-013,Lionel,4th Floor,19
57237-101,Cyrill,18th Floor,6
0904-0250,Lucas,Suite 20,8
11822-0737,Celestyna,Room 326,17
37205-199,Melosa,PO Box 27738,16
0093-1003,Paten,PO Box 57226,3
53117-612,Jose,Suite 11,12
59667-0011,Xymenes,Suite 53,18
49035-396,Lilyan,Apt 1814,5
36987-3285,Harrie,PO Box 15022,19
11559-042,Isaac,19th Floor,5
59779-730,Patrizia,Suite 9,20
52125-984,Lawry,19th Floor,20
64578-0078,Kristo,19th Floor,4
50730-8712,Elsbeth,Suite 48,6
30142-096,Audra,Suite 46,16
48951-6048,Annetta,Apt 1853,8
58118-8344,Prentice,Apt 591,5
52664-002,Sanford,Suite 24,7
0713-0164,Marice,6th Floor,18
57520-0020,Travis,Apt 1297,1
16103-367,Philipa,PO Box 41217,11
49781-050,Bernadina,15th Floor,9
36987-1505,Ulises,Room 999,18
24571-104,Jervis,Suite 83,1
51672-4089,Garwood,11th Floor,2
